📋 Planificación de Endpoints — Core Bancario | BanQuito;;;;;;;;
Módulo;Método;Endpoint;Descripción;Consumidor;Requisito;Campos Clave;Justificación;Estado
Clientes;POST;/api/v1/clientes;Creación integral de clientes. Diferencia entre Natural (Cédula) y Jurídico (RUC con representante legal).;Back-Office / Registro;RF-01;identificacion, tipoIdentificacion, nombres, razonSocial, representanteLegalId;Punto de entrada obligatorio para incorporar nuevos clientes al banco. Sin este endpoint no es posible vincular cuentas ni iniciar ninguna operación.;Existente
Clientes;GET;/api/v1/clientes/{identificacion};Consulta de datos demográficos y estado del cliente para validación previa a operaciones.;Back-Office / Switch;RF-01;identificacion, estado, tipoCliente;El Switch y el Back-Office necesitan verificar la existencia y el estado del cliente antes de aceptar pagos o abrir productos. Evita operar sobre clientes inactivos o bloqueados.;Existente
Cuentas;POST;/api/v1/cuentas;Apertura de cuenta vinculada a sucursal. Genera número de cuenta único basado en código de sucursal.;Back-Office / Agencia;RF-02;clienteId, sucursalId, subtipoCuentaId;Permite la apertura de cuentas de ahorro o corriente vinculadas a un cliente ya existente. Es el punto de inicio del ciclo de vida de una cuenta.;Existente
Cuentas;PATCH;/api/v1/cuentas/{numero}/estado;Actualización de estado operativo (ACTIVA, INACTIVA, BLOQUEADA, SUSPENDIDA). Registra historial de cambio.;Back-Office / Auditoría;RF-03;estadoNuevo, motivo, usuarioId;Gestión del ciclo de vida de la cuenta. Necesario para operaciones de bloqueo por orden judicial, suspensión por inactividad o reactivación. Auditable.;Existente
Cuentas;GET;/api/v1/cuentas/{numero}/saldos;Consulta en tiempo real de Saldo Contable (total) y Saldo Disponible (total menos bloqueos).;Switch / Canal Digital;RF-05;saldoContable, saldoDisponible;El Switch de Pagos debe consultar el saldo disponible antes de ejecutar un débito global. También lo usan canales digitales para mostrar saldos al cliente.;Existente
Transacciones;POST;/api/v1/transacciones;Procesamiento atómico de movimientos. Implementa validación de UUID para evitar duplicidad (Idempotencia).;Switch / Agencia / ATM;RF-04, RF-06;uuidTransaccion, monto, tipoMovimiento (DEBITO/CREDITO), cuentaId;Núcleo del motor transaccional. Todo débito o crédito en el core pasa por este endpoint. El UUID garantiza que reintentos por fallos de red no generen doble débito.;Existente
Consultas;GET;/api/v1/cuentas/{numero}/movimientos;Consulta paginada del historial de transacciones, detallando subtipos (Nómina, Proveedores, etc.).;Banca Web / Cliente;RF-07;fechaDesde, fechaHasta, subtipoTransaccion, pagina, tamano;Permite al cliente revisar sus movimientos desde la banca en línea. La paginación es obligatoria para cuentas con alto volumen de transacciones.;Existente
Configuración;GET;/api/v1/catalogos/sucursales;Listado de sucursales activas para asignación en nuevos productos.;Banca Web / UI;Soporte RF-02;codigoSucursal, nombre, ciudad;El formulario de apertura de cuentas necesita mostrar la lista de sucursales disponibles. Sin este catálogo, el campo sería de texto libre y propenso a errores.;Existente
Clientes;PUT;/api/v1/clientes/{identificacion};Actualización de datos demográficos del cliente: dirección, teléfonos, correo electrónico y, para jurídicos, cambio de representante legal.;Back-Office / Agencia;RF-01;direccion, telefono, email, representanteLegalId;Los datos de un cliente cambian con el tiempo (domicilio, contacto, representante legal). Sin este endpoint el core no puede mantener la información actualizada, lo que afecta notificaciones, estados de cuenta y cumplimiento normativo (KYC).;Nuevo
Clientes;GET;/api/v1/clientes/{identificacion}/cuentas;Listado de todas las cuentas (activas, inactivas, bloqueadas) asociadas a un cliente.;Back-Office / Canal Digital;RF-02;numeroCuenta, subtipo, estado, saldoDisponible;El Back-Office y la banca en línea necesitan mostrar el portafolio completo de cuentas de un cliente en una sola llamada, sin tener que consultar cada cuenta individualmente.;Nuevo
Cuentas;GET;/api/v1/cuentas/{numero};Consulta del detalle completo de una cuenta: tipo, subtipo, fecha de apertura, sucursal, estado y titular.;Back-Office / Canal Digital;RF-02;numeroCuenta, subtipoCuenta, fechaApertura, sucursalId, estado, clienteId;El endpoint de saldos solo retorna valores monetarios. Se necesita un endpoint separado para la ficha completa de la cuenta (quién la abrió, cuándo, en qué sucursal), útil en auditorías y atención al cliente.;Nuevo
Cuentas;POST;/api/v1/cuentas/{numero}/bloqueos;Creación de un bloqueo parcial o total sobre el saldo de una cuenta por monto y motivo específico.;Switch / Back-Office / Legal;RF-05;monto, motivo (JUDICIAL, PREVIO_PAGO, GARANTIA), referenciaExterna;Antes de ejecutar el débito global de un lote de pagos masivos, el Switch debe reservar el monto en el Core para evitar sobregiro concurrente. También soporta bloqueos judiciales y garantías.;Nuevo
Cuentas;DELETE;/api/v1/cuentas/{numero}/bloqueos/{bloqueoid};Liberación de un bloqueo existente sobre el saldo. Restaura el monto al saldo disponible.;Switch / Back-Office;RF-05;bloqueoid, motivoLiberacion;Par obligatorio del endpoint de creación de bloqueos. Si el lote de pagos falla o se rechaza, el monto reservado debe liberarse para que el cliente pueda disponer de sus fondos.;Nuevo
Transacciones;GET;/api/v1/transacciones/{uuidTransaccion};Consulta del resultado de una transacción específica por su UUID. Devuelve estado, monto, fecha y cuenta afectada.;Switch / Agencia / Auditoría;RF-04;uuidTransaccion, estado (EXITOSA/RECHAZADA/PENDIENTE), monto, cuentaId, fechaProceso;Soporta el mecanismo de idempotencia: ante un reintento, el Switch verifica si la transacción ya fue procesada antes de reenviarla. También es necesario para auditorías y conciliación.;Nuevo
Transacciones;POST;/api/v1/transacciones/{uuidTransaccion}/reverso;Reverso de una transacción exitosa. Genera una transacción compensatoria que anula el movimiento original.;Back-Office / Auditoría;RF-04;uuidTransaccionOriginal, motivo, usuarioAutorizador;Operación bancaria estándar. Cuando un pago se acredita a la cuenta equivocada o por un monto erróneo, el área de operaciones debe poder revertirlo. Sin este endpoint se requeriría intervención directa en BD.;Nuevo
Configuración;GET;/api/v1/catalogos/subtipos-cuenta;Catálogo de subtipos de cuenta disponibles para apertura (Ahorros Estándar, Corriente Empresarial, etc.) con sus requisitos mínimos.;Banca Web / Back-Office;Soporte RF-02;subtipoCuentaId, nombre, tipoBase (AHORRO/CORRIENTE), montoAperturaMinimo;El formulario de apertura de cuenta debe mostrar los subtipos disponibles de forma dinámica para que el operador elija el producto correcto. Hardcodear esta lista en el frontend impediría agregar nuevos productos sin redesplegar.;Nuevo
;;;;;;;;
LEYENDA:   🟢 Fondo verde = Endpoint Nuevo agregado en esta revisión   |   GET = Consulta   |   POST = Creación/Acción   |   PUT = Actualización total   |   PATCH = Actualización parcial   |   DELETE = Eliminación/Cancelación;;;;;;;;
